Metric,Value
Voltage Magnitude MAE,16.84099769592285
Voltage Angle MAE,0.0022760338615626097
Voltage Magnitude RMSE,38.28546905517578
Voltage Angle RMSE,0.0029942390974611044
